[
  {
    "brand": "Active Directory Query v2",
    "name": "Active Directory Query v2_instance_xmocky",
    "packID": "Active_Directory_Query",
    "enabled": "true",
    "canSample": false,
    "isIntegrationScript": true,
    "isLongRunning": null,
    "mappingId": "",
    "incomingMapperId": "",
    "outgoingMapperId": "",
    "data": [
      {
        "name": "base_dn",
        "type": 0,
        "value": "DC=CORP,DC=CORTEX,DC=LAN",
        "hasvalue": true
      },
      {
        "name": "default_base_query",
        "type": 0,
        "value": "(&(objectClass=User)(objectCategory=person))",
        "hasvalue": true
      },
      {
        "name": "server_ip",
        "type": 0,
        "value": "xmocky.cortex-sv.net",
        "hasvalue": true
      },
      {
        "name": "credentials",
        "type": 9,
        "value": {
          "identifier": "CN=user,OU=CORTEX,DC=CORP,DC=CORTEX,DC=LAN",
          "credential": "",
          "password": "dummy",
          "passwordChanged": false
        },
        "hasvalue": true
      },
      {
        "name": "mapper-in",
        "type": 0,
        "value": "User Profile - Active Directory (Incoming)",
        "hasvalue": true
      },
      {
        "name": "port",
        "type": 0,
        "value": "443",
        "hasvalue": true
      },
      {
        "name": "create-if-not-exists",
        "type": 8,
        "value": true,
        "hasvalue": true
      },
      {
        "name": "page_size",
        "type": 0,
        "value": "500",
        "hasvalue": true
      },
      {
        "name": "secure_connection",
        "type": 15,
        "value": "SSL",
        "hasvalue": true
      },
      {
        "name": "ssl_version",
        "type": 15,
        "value": "None",
        "hasvalue": true
      },
      {
        "name": "mapper-out",
        "type": 0,
        "value": "User Profile - Active Directory (Outgoing)",
        "hasvalue": true
      },
      {
        "name": "unsecure",
        "type": 8,
        "value": true,
        "hasvalue": true
      }
    ]
  },
  {
    "brand": "Mail Listener v2",
    "name": "Mail Listener v2_instance_phishing_report",
    "packID": "MailListener",
    "enabled": "true",
    "canSample": true,
    "isIntegrationScript": false,
    "isLongRunning": null,
    "mappingId": "Mail Listener - Phishing Report Response Classifier",
    "incomingMapperId": "Mail Listener - Phishing Report Response Incoming Mapper",
    "outgoingMapperId": "",
    "data": [
      {
        "name": "first_fetch",
        "type": 0,
        "value": "1 hour",
        "hasvalue": true
      },
      {
        "name": "insecure",
        "type": 8,
        "value": true,
        "hasvalue": true
      },
      {
        "name": "isFetch",
        "type": 8,
        "value": true,
        "hasvalue": true
      },
      {
        "name": "limit",
        "type": 0,
        "value": "50",
        "hasvalue": true
      },
      {
        "name": "MailServerURL",
        "type": 0,
        "value": "127.0.0.1",
        "hasvalue": true
      },
      {
        "name": "incidentFetchInterval",
        "type": 19,
        "value": "1",
        "hasvalue": true
      },
      {
        "name": "save_file",
        "type": 8,
        "value": true,
        "hasvalue": true
      },
      {
        "name": "credentials",
        "type": 9,
        "value": {
          "identifier": "phishing-report@cortex.lan",
          "credential": "",
          "password": "TsrainDefault0!",
          "passwordChanged": false
        },
        "hasvalue": true
      },
      {
        "name": "folder",
        "type": 0,
        "value": "INBOX",
        "hasvalue": true
      },
      {
        "name": "port",
        "type": 0,
        "value": "993",
        "hasvalue": true
      },
      {
        "name": "TLS_connection",
        "type": 8,
        "value": true,
        "hasvalue": true
      }
    ]
  },
  {
    "brand": "Mail Sender (New)",
    "name": "Mail Sender (New)_instance_demo",
    "packID": "MailSenderNew",
    "enabled": "true",
    "canSample": false,
    "isIntegrationScript": true,
    "isLongRunning": null,
    "mappingId": "",
    "incomingMapperId": "",
    "outgoingMapperId": "",
    "data": [
      {
        "name": "port",
        "type": 0,
        "value": "465",
        "hasvalue": true
      },
      {
        "name": "tls",
        "type": 15,
        "value": "SSL/TLS",
        "hasvalue": true
      },
      {
        "name": "credentials",
        "type": 9,
        "value": {
          "identifier": "",
          "credential": "",
          "password": "",
          "passwordChanged": false
        },
        "hasvalue": true
      },
      {
        "name": "from",
        "type": 0,
        "value": "Cortex XSOAR <soc@cortex.lan>",
        "hasvalue": true
      },
      {
        "name": "host",
        "type": 0,
        "value": "127.0.0.1",
        "hasvalue": true
      },
      {
        "name": "insecure",
        "type": 8,
        "value": true,
        "hasvalue": true
      }
    ]
  },
  {
    "brand": "CSVFeed",
    "name": "CSVFeed_instance_demo_malicious_hash_list",
    "packID": "FeedCSV",
    "enabled": "true",
    "canSample": false,
    "isIntegrationScript": true,
    "isLongRunning": null,
    "mappingId": "",
    "incomingMapperId": "",
    "outgoingMapperId": "",
    "data": [
      {
        "name": "feedFetchInterval",
        "type": 19,
        "value": "240",
        "hasvalue": true
      },
      {
        "name": "indicator_type",
        "type": 0,
        "value": "File",
        "hasvalue": true
      },
      {
        "name": "ignore_regex",
        "type": 0,
        "value": "^Hash,",
        "hasvalue": true
      },
      {
        "name": "feedExpirationPolicy",
        "type": 17,
        "value": "indicatorType",
        "hasvalue": true
      },
      {
        "name": "feedReliability",
        "type": 15,
        "value": "F - Reliability cannot be judged",
        "hasvalue": true
      },
      {
        "name": "quotechar",
        "type": 0,
        "value": "\"",
        "hasvalue": true
      },
      {
        "name": "delimiter",
        "type": 0,
        "value": ",",
        "hasvalue": true
      },
      {
        "name": "feedExpirationInterval",
        "type": 1,
        "value": "20160",
        "hasvalue": true
      },
      {
        "name": "encoding",
        "type": 0,
        "value": "latin-1",
        "hasvalue": true
      },
      {
        "name": "feedReputation",
        "type": 18,
        "value": "Malicious",
        "hasvalue": true
      },
      {
        "name": "url",
        "type": 0,
        "value": "https://github.com/spearmin10/demo/blob/main/IOCs/malicious-hash-list.csv?raw=true",
        "hasvalue": true
      },
      {
        "name": "fieldnames",
        "type": 0,
        "value": "value,Remarks",
        "hasvalue": true
      },
      {
        "name": "auto_detect_type",
        "type": 8,
        "value": true,
        "hasvalue": true
      },
      {
        "name": "polling_timeout",
        "type": 0,
        "value": "20",
        "hasvalue": true
      },
      {
        "name": "feed",
        "type": 8,
        "value": true,
        "hasvalue": true
      }
    ]
  }
]