{
  "add": {
    "Email Headers": {
      "associatedTypes": [
        "Phishing Report Response - JA",
        "Phishing Report Response - EN"
      ]
    },
    "Reporter Display Name": {
      "associatedTypes": [
        "Phishing Report Response - JA",
        "Phishing Report Response - EN"
      ]
    },
    "Reporter Email Address": {
      "associatedTypes": [
        "Phishing Report Response - JA",
        "Phishing Report Response - EN"
      ]
    },
    "Reporter Email Body": {
      "associatedTypes": [
        "Phishing Report Response - JA",
        "Phishing Report Response - EN"
      ]
    },
    "Reporter Email Body HTML": {
      "associatedTypes": [
        "Phishing Report Response - JA",
        "Phishing Report Response - EN"
      ]
    },
    "Reporter Email Subject": {
      "associatedTypes": [
        "Phishing Report Response - JA",
        "Phishing Report Response - EN"
      ]
    }
  }
}