{
  "add": {
    "Email Headers": {
      "associatedTypes": [
        "JP: Email Investigation Request",
        "EN: Email Investigation Request"
      ]
    },
    "Reporter Display Name": {
      "associatedTypes": [
        "JP: Email Investigation Request",
        "EN: Email Investigation Request"
      ]
    },
    "Reporter Email Address": {
      "associatedTypes": [
        "JP: Email Investigation Request",
        "EN: Email Investigation Request"
      ]
    },
    "Reporter Email Body": {
      "associatedTypes": [
        "JP: Email Investigation Request",
        "EN: Email Investigation Request"
      ]
    },
    "Reporter Email Body HTML": {
      "associatedTypes": [
        "JP: Email Investigation Request",
        "EN: Email Investigation Request"
      ]
    },
    "Reporter Email Subject": {
      "associatedTypes": [
        "JP: Email Investigation Request",
        "EN: Email Investigation Request"
      ]
    }
  }
}